City_ID,City,Country,Date,Lat,Lng,Max Temp,Humidity,Cloudiness,Wind Speed
0,Basco,PH,2022-02-05 04:59:54,20.4487,121.9702,72.59,75,96,27.07
1,Matagami,CA,2022-02-05 04:59:54,49.7502,-77.6328,-14.69,76,20,4.61
2,Road Town,VG,2022-02-05 04:59:55,18.4167,-64.6167,73.0,76,100,17.76
3,Olinda,BR,2022-02-05 04:57:25,-8.0089,-34.8553,82.13,65,20,4.61
4,Rikitea,PF,2022-02-05 04:59:56,-23.1203,-134.9692,78.98,69,5,7.52
5,Luderitz,NA,2022-02-05 04:59:41,-26.6481,15.1594,67.64,75,94,3.38
6,Port Alfred,ZA,2022-02-05 04:59:56,-33.5906,26.891,69.4,84,96,11.9
7,Dolores,AR,2022-02-05 04:59:57,-36.3132,-57.6792,61.61,95,100,9.15
8,Dingle,PH,2022-02-05 04:59:57,10.9995,122.6711,82.47,70,83,18.01
9,Axim,GH,2022-02-05 04:59:58,4.8699,-2.2405,78.06,84,26,2.28
10,Chiang Klang,TH,2022-02-05 04:59:58,19.2938,100.8617,67.33,46,23,4.12
11,Avarua,CK,2022-02-05 04:55:04,-21.2078,-159.775,80.65,78,94,13.8
12,Albany,US,2022-02-05 05:00:00,42.6001,-73.9662,14.14,85,99,3.22
13,Milazzo,IT,2022-02-05 05:00:04,38.2212,15.2383,59.18,62,9,5.99
14,Port Lincoln,AU,2022-02-05 04:56:24,-34.7333,135.8667,74.35,54,6,10.63
15,Los Llanos De Aridane,ES,2022-02-05 04:59:11,28.6585,-17.9182,57.13,73,0,8.99
16,Marawi,PH,2022-02-05 05:00:24,7.9986,124.2928,74.64,53,67,8.01
17,Pundaguitan,PH,2022-02-05 05:00:30,6.3711,126.1689,81.0,78,69,17.4
18,Mackay,AU,2022-02-05 05:00:39,-21.15,149.2,85.68,66,81,19.62
19,Puerto Ayora,EC,2022-02-05 05:00:42,-0.7393,-90.3518,74.55,93,46,1.99
20,Itarema,BR,2022-02-05 05:00:43,-2.9248,-39.9167,78.48,81,54,10.85
21,Laguna,US,2022-02-05 05:00:44,38.421,-121.4238,53.96,71,0,0.0
22,Asau,RO,2022-02-05 04:58:42,46.4333,26.4,33.96,62,64,6.69
23,Lockhart,US,2022-02-05 05:00:45,28.6194,-81.4426,71.15,75,21,4.47
24,Noyabrsk,RU,2022-02-05 05:00:46,63.1994,75.4507,0.45,96,48,10.51
25,New Norfolk,AU,2022-02-05 04:56:34,-42.7826,147.0587,72.88,45,85,1.99
26,Ushuaia,AR,2022-02-05 05:00:48,-54.8,-68.3,42.1,85,56,6.2
27,Bambous Virieux,MU,2022-02-05 05:00:49,-20.3428,57.7575,82.22,85,98,20.8
28,Santa Cruz Del Sur,CU,2022-02-05 05:00:49,20.7147,-77.9956,71.67,75,8,14.43
29,Barrow,US,2022-02-05 05:00:50,71.2906,-156.7887,-11.18,70,100,6.91
30,Kristiansund,NO,2022-02-05 05:00:51,63.1115,7.732,37.45,86,75,33.38
31,Punta Arenas,CL,2022-02-05 04:57:47,-53.15,-70.9167,46.51,71,0,8.05
32,Kozulka,UA,2022-02-05 05:00:52,50.0351,23.797,35.89,83,100,11.5
33,Hobart,AU,2022-02-05 05:00:52,-42.8794,147.3294,73.22,60,20,11.5
34,Bredasdorp,ZA,2022-02-05 04:56:20,-34.5322,20.0403,67.32,64,34,16.11
35,Mataura,NZ,2022-02-05 05:00:53,-46.1927,168.8643,59.49,43,10,6.64
36,Tuktoyaktuk,CA,2022-02-05 05:00:54,69.4541,-133.0374,-21.77,91,29,13.18
37,Esperance,AU,2022-02-05 04:58:48,-33.8667,121.9,96.64,46,3,16.28
38,Khatanga,RU,2022-02-05 05:00:55,71.9667,102.5,-35.09,100,87,2.71
39,Kodiak,US,2022-02-05 05:00:55,57.79,-152.4072,37.15,95,98,16.69
40,Busselton,AU,2022-02-05 05:00:56,-33.65,115.3333,108.05,33,6,9.42
41,Hobyo,SO,2022-02-05 05:00:57,5.3505,48.5268,77.65,62,32,17.25
42,Hermanus,ZA,2022-02-05 04:57:53,-34.4187,19.2345,64.8,76,0,18.48
43,Saskylakh,RU,2022-02-05 04:58:56,71.9167,114.0833,-13.9,99,99,4.38
44,Clyde River,CA,2022-02-05 05:00:58,70.4692,-68.5914,-15.65,97,100,4.68
45,Castro,BR,2022-02-05 04:56:40,-24.7911,-50.0119,64.24,98,79,4.5
46,Tahe,CN,2022-02-05 05:00:59,52.3333,124.7333,8.64,62,100,9.62
47,San Quintin,MX,2022-02-05 05:00:59,30.4833,-115.95,55.74,50,17,3.91
48,Mount Gambier,AU,2022-02-05 05:01:59,-37.8333,140.7667,74.21,46,58,14.2
49,Arraial Do Cabo,BR,2022-02-05 04:57:43,-22.9661,-42.0278,75.49,88,97,21.16
50,Kouroussa,GN,2022-02-05 05:02:00,10.65,-9.8833,68.5,19,1,2.89
51,Bodden Town,KY,2022-02-05 05:02:01,19.2833,-81.25,75.99,82,13,3.0
52,Touros,BR,2022-02-05 05:02:01,-5.1989,-35.4608,79.57,74,5,11.48
53,Kavaratti,IN,2022-02-05 05:02:02,10.5669,72.642,77.94,58,81,4.79
54,Bengkulu,ID,2022-02-05 05:02:02,-3.8004,102.2655,78.24,79,100,2.84
55,Mar Del Plata,AR,2022-02-05 04:57:50,-38.0023,-57.5575,67.08,85,100,3.0
56,Bluff,NZ,2022-02-05 05:02:03,-46.6,168.3333,59.81,59,49,5.82
57,Georgetown,MY,2022-02-05 05:01:52,5.4112,100.3354,90.9,61,20,1.01
58,Victoria Point,AU,2022-02-05 05:02:04,-27.5833,153.3,80.82,66,64,8.01
59,Stanger,ZA,2022-02-05 05:02:04,-29.3282,31.2895,68.92,95,100,4.88
60,Atuona,PF,2022-02-05 05:02:05,-9.8,-139.0333,78.78,77,20,16.4
61,Hilo,US,2022-02-05 05:02:05,19.7297,-155.09,73.8,97,32,1.01
62,Nuristan,AF,2022-02-05 05:02:05,35.3,70.8333,21.43,44,0,5.26
63,Misratah,LY,2022-02-05 05:02:06,32.3754,15.0925,56.12,42,7,12.53
64,Lebu,CL,2022-02-05 05:01:38,-37.6167,-73.65,56.95,88,51,17.56
65,Ancud,CL,2022-02-05 05:02:07,-41.8697,-73.8203,53.22,91,7,2.48
66,Amga,RU,2022-02-05 05:02:07,60.8953,131.9608,-12.98,89,99,4.18
67,Constitucion,CL,2022-02-05 05:00:57,-35.3333,-72.4167,57.74,86,14,10.83
68,Kabwe,ZM,2022-02-05 05:02:08,-14.4469,28.4464,63.21,99,100,2.89
69,Caldas,CO,2022-02-05 05:02:09,6.0911,-75.6357,62.69,99,74,1.77
70,Porto Walter,BR,2022-02-05 05:02:09,-8.2686,-72.7439,72.5,95,100,2.55
71,Hithadhoo,MV,2022-02-05 04:57:51,-0.6,73.0833,82.17,74,97,12.55
72,Guerrero Negro,MX,2022-02-05 05:02:10,27.9769,-114.0611,59.18,35,0,2.77
73,Yellowknife,CA,2022-02-05 05:01:27,62.456,-114.3525,-26.45,83,100,5.99
74,Faanui,PF,2022-02-05 05:02:11,-16.4833,-151.75,80.64,75,75,13.56
75,Conversion,PH,2022-02-05 05:02:11,15.8984,121.1277,82.13,58,76,9.33
76,Cape Town,ZA,2022-02-05 04:59:57,-33.9258,18.4232,65.88,67,0,4.0
77,Toora-Khem,RU,2022-02-05 05:02:12,52.4675,96.11,-1.37,90,98,2.37
78,Codrington,AU,2022-02-05 04:59:03,-38.2667,141.9667,69.3,58,99,20.67
79,Vanavara,RU,2022-02-05 05:02:13,60.34,102.2797,12.81,91,100,8.55
80,Ribeira Grande,PT,2022-02-05 05:02:13,38.5167,-28.7,58.86,79,21,5.61
81,Saint-Francois,FR,2022-02-05 05:02:14,46.4154,3.9054,35.04,92,0,5.75
82,Pedernales,DO,2022-02-05 05:02:14,18.0384,-71.744,75.85,71,7,3.0
83,Dudinka,RU,2022-02-05 05:02:15,69.4058,86.1778,-3.6,96,95,5.7
84,Alofi,NU,2022-02-05 05:02:03,-19.0595,-169.9187,80.4,80,100,20.69
85,Carnarvon,AU,2022-02-05 05:02:15,-24.8667,113.6333,96.87,37,12,5.41
86,Mayo,US,2022-02-05 05:02:16,38.8876,-76.5119,35.55,79,100,7.0
87,Tasiilaq,GL,2022-02-05 05:02:16,65.6145,-37.6368,24.96,66,100,38.5
88,Anapskaya,RU,2022-02-05 05:02:17,44.89,37.38,30.43,68,75,6.71
89,Dikson,RU,2022-02-05 05:02:17,73.5069,80.5464,-2.38,91,100,5.44
90,Baracoa,CU,2022-02-05 05:02:18,20.3467,-74.4958,73.54,78,92,10.8
91,Homer,US,2022-02-05 05:02:19,59.6425,-151.5483,20.08,85,60,6.89
92,Ponta Do Sol,PT,2022-02-05 05:03:19,32.6667,-17.1,65.71,70,84,4.88
93,Coquimbo,CL,2022-02-05 05:03:19,-29.9533,-71.3436,62.33,82,0,3.44
94,Yulara,AU,2022-02-05 05:03:20,-25.2406,130.9889,85.71,16,0,10.63
95,Fortuna,US,2022-02-05 05:03:20,40.5982,-124.1573,45.52,93,75,0.0
96,Chapais,CA,2022-02-05 05:03:21,49.7834,-74.8492,-12.12,98,100,2.98
97,Valday,RU,2022-02-05 05:03:22,57.9747,33.2525,6.75,96,97,8.72
98,Milkovo,RU,2022-02-05 05:03:22,54.7167,158.6167,17.51,92,100,5.79
99,Benguela,AO,2022-02-05 05:03:23,-12.5763,13.4055,73.31,72,100,2.93
100,Mahibadhoo,MV,2022-02-05 05:03:23,3.7833,72.9667,81.95,69,19,9.31
101,Lompoc,US,2022-02-05 05:01:37,34.6391,-120.4579,57.18,76,0,3.44
102,Mahebourg,MU,2022-02-05 05:02:46,-20.4081,57.7,82.26,85,98,21.52
103,Jamestown,US,2022-02-05 04:58:38,42.097,-79.2353,18.72,86,100,6.91
104,Vila Velha,BR,2022-02-05 05:03:17,-20.3297,-40.2925,75.15,96,0,1.01
105,Lhokseumawe,ID,2022-02-05 05:03:26,5.1801,97.1507,84.31,67,100,4.97
106,Ipameri,BR,2022-02-05 05:03:26,-17.7219,-48.1597,68.16,90,52,2.15
107,Mama,RU,2022-02-05 05:03:28,58.3106,112.8986,13.53,84,100,5.39
108,Chitral,PK,2022-02-05 05:03:29,35.8462,71.7858,37.49,46,0,7.54
109,Bilibino,RU,2022-02-05 05:03:30,68.0546,166.4372,-7.69,86,1,5.3
110,Mariestad,SE,2022-02-05 05:03:31,58.7097,13.8237,36.09,93,15,16.37
111,La Palma,US,2022-02-05 05:03:31,33.8464,-118.0467,63.28,29,0,1.01
112,Vostok,RU,2022-02-05 05:03:32,46.4856,135.8833,0.57,87,100,6.89
113,College,US,2022-02-05 05:03:09,64.8569,-147.8028,5.58,78,100,0.0
114,Nyurba,RU,2022-02-05 05:03:32,63.2842,118.3319,-9.31,94,96,3.4
115,Nantucket,US,2022-02-05 04:58:49,41.2835,-70.0995,35.15,94,100,19.82
116,East London,ZA,2022-02-05 05:03:33,-33.0153,27.9116,69.04,88,95,11.86
117,Lensk,RU,2022-02-05 05:01:05,60.7253,114.9278,6.24,88,99,7.94
118,Port Hawkesbury,CA,2022-02-05 05:03:34,45.6169,-61.3485,32.92,96,100,6.91
119,Boa Vista,BR,2022-02-05 05:03:34,2.8197,-60.6733,80.58,61,0,10.36
120,Sterlibashevo,RU,2022-02-05 05:03:35,53.4376,55.2578,19.45,92,100,8.34
121,Tateyama,JP,2022-02-05 05:03:36,34.9833,139.8667,46.42,37,82,7.87
122,Chuy,UY,2022-02-05 05:03:36,-33.6971,-53.4616,68.04,94,44,3.76
123,Acapulco,MX,2022-02-05 05:01:18,16.8634,-99.8901,73.38,79,0,3.74
124,Porto Torres,IT,2022-02-05 05:03:38,40.835,8.3972,51.98,89,60,9.82
125,Saint-Pierre,RE,2022-02-05 05:03:15,-21.3393,55.4781,83.88,65,99,3.44
126,Rio Gallegos,AR,2022-02-05 05:03:42,-51.6226,-69.2181,50.47,68,5,17.65
127,Urumqi,CN,2022-02-05 05:03:19,43.801,87.6005,2.35,85,100,2.24
128,Port Elizabeth,ZA,2022-02-05 05:03:42,-33.918,25.5701,68.09,81,94,10.02
129,Saint George,US,2022-02-05 05:03:43,37.1041,-113.5841,42.35,35,0,1.01
130,Malartic,CA,2022-02-05 05:00:24,48.1335,-78.1328,-15.34,100,88,3.24
131,Shenjiamen,CN,2022-02-05 05:03:44,29.9576,122.298,43.97,61,50,17.16
132,Chongoyape,PE,2022-02-05 04:59:19,-6.6406,-79.3892,73.89,69,56,2.21
133,Araouane,ML,2022-02-05 05:04:44,18.9048,-3.5265,59.92,13,0,10.07
134,Kapaa,US,2022-02-05 05:02:08,22.0752,-159.319,75.11,59,47,3.56
135,San Cristobal,VE,2022-02-05 05:04:45,7.7669,-72.225,69.98,92,52,3.0
136,Saint-Philippe,RE,2022-02-05 05:04:43,-21.3585,55.7679,83.79,89,100,24.61
137,Lyubech,UA,2022-02-05 05:04:46,51.7026,30.6569,17.06,92,85,9.66
138,Mizdah,LY,2022-02-05 05:04:46,31.4451,12.9801,47.23,37,62,8.72
139,Sedalia,US,2022-02-05 05:04:47,38.7045,-93.2283,20.79,58,0,5.75
140,Bethel,US,2022-02-05 05:01:36,41.3712,-73.414,28.04,85,100,7.76
141,Naze,JP,2022-02-05 05:04:48,28.3667,129.4833,52.81,63,99,17.02
142,Helong,CN,2022-02-05 05:04:48,42.5397,128.9972,11.08,57,88,13.91
143,Batsfjord,NO,2022-02-05 05:04:49,70.6345,29.7185,18.93,86,100,21.14
144,Qaqortoq,GL,2022-02-05 05:04:40,60.7167,-46.0333,5.0,48,3,25.39
145,Thompson,CA,2022-02-05 05:04:50,55.7435,-97.8558,-33.45,100,11,2.73
146,Sassandra,CI,2022-02-05 05:04:50,4.95,-6.0833,76.42,89,13,1.92
147,Tiruppuvanam,IN,2022-02-05 05:04:51,9.8333,78.2667,86.38,62,40,5.75
148,Vaini,TO,2022-02-05 05:04:51,-21.2,-175.2,77.16,94,100,14.97
149,San Patricio,US,2022-02-05 05:04:52,28.017,-97.5169,39.81,77,6,12.33
150,Bull Savanna,JM,2022-02-05 05:04:52,17.8868,-77.5902,70.75,83,6,5.73
151,Porto Murtinho,BR,2022-02-05 05:04:53,-21.6989,-57.8825,80.82,63,26,7.34
152,Kassala,SD,2022-02-05 05:04:53,15.451,36.4,65.21,66,6,10.2
153,Westport,US,2022-02-05 05:00:59,41.1415,-73.3579,30.02,86,100,4.0
154,Santa Rosa,PH,2022-02-05 05:02:45,14.3122,121.1114,87.12,64,29,18.99
155,Khor,RU,2022-02-05 05:04:54,47.8861,134.9464,-2.07,91,100,7.54
156,Krasnoselkup,RU,2022-02-05 05:04:55,65.7,82.4667,16.56,95,100,5.17
157,Michurinsk,RU,2022-02-05 05:04:55,52.8978,40.4907,8.2,91,56,10.67
158,Sorland,NO,2022-02-05 05:04:34,67.667,12.6934,33.6,76,100,30.36
159,Torbay,CA,2022-02-05 05:03:09,47.6666,-52.7314,32.76,99,100,4.61
160,Tautira,PF,2022-02-05 05:04:41,-17.7333,-149.15,82.42,74,28,14.2
161,Hortobagy,HU,2022-02-05 05:04:56,47.5828,21.1511,34.0,83,100,6.42
162,Klaksvik,FO,2022-02-05 05:04:57,62.2266,-6.589,34.72,58,98,9.15
163,Severo-Kurilsk,RU,2022-02-05 05:04:57,50.6789,156.125,30.51,89,86,9.75
164,Bukama,CD,2022-02-05 05:04:58,-9.2,25.85,65.32,98,100,1.03
165,Pelotas,BR,2022-02-05 05:04:58,-31.7719,-52.3425,73.42,97,40,4.61
166,Smithers,CA,2022-02-05 05:04:59,54.7804,-127.1743,27.57,96,63,5.1
167,Nouakchott,MR,2022-02-05 05:00:24,18.0858,-15.9785,69.03,34,0,9.04
168,Fort Nelson,CA,2022-02-05 05:01:41,58.8053,-122.7002,-7.35,96,100,1.68
169,Andenes,NO,2022-02-05 05:05:03,69.3143,16.1194,26.58,74,85,14.97
170,Geraldton,AU,2022-02-05 05:05:04,-28.7667,114.6,111.61,7,0,5.75
171,Kenai,US,2022-02-05 05:05:04,60.5544,-151.2583,24.85,100,100,5.75
172,Cabo San Lucas,MX,2022-02-05 05:00:58,22.8909,-109.9124,62.94,70,0,1.66
173,Shache,CN,2022-02-05 05:05:05,38.4167,77.2406,31.71,34,100,2.71
174,Darnah,LY,2022-02-05 05:05:06,32.767,22.6367,52.02,80,0,12.66
175,Isangel,VU,2022-02-05 05:02:17,-19.55,169.2667,77.34,88,100,13.29
176,Gbadolite,CD,2022-02-05 05:05:07,4.2833,21.0167,68.4,35,100,1.45
177,Tadine,NC,2022-02-05 05:05:07,-21.55,167.8833,80.04,89,99,17.36
178,Yatou,CN,2022-02-05 05:05:08,37.15,122.3833,32.31,37,70,17.56
179,Grajau,BR,2022-02-05 05:05:08,-5.8194,-46.1386,72.63,96,98,2.26
180,Rodrigues Alves,BR,2022-02-05 05:06:09,-7.738,-72.6509,72.05,98,100,2.62
181,Nemuro,JP,2022-02-05 05:05:36,43.3236,145.575,26.28,62,38,17.92
182,Provideniya,RU,2022-02-05 05:06:10,64.3833,-173.3,0.1,68,1,11.79
183,Saint-Augustin,CA,2022-02-05 05:06:10,51.226,-58.6502,-9.22,85,100,9.66
184,Port Blair,IN,2022-02-05 05:06:11,11.6667,92.75,86.04,70,40,11.5
185,Kendari,ID,2022-02-05 05:06:11,-3.945,122.4989,86.72,63,100,6.22
186,Cherskiy,RU,2022-02-05 05:06:12,68.75,161.3,-31.59,97,8,4.18
187,Mirnyy,RU,2022-02-05 05:06:12,62.5353,113.9611,-4.83,94,85,5.06
188,Keffi,NG,2022-02-05 05:06:13,8.8486,7.8736,68.94,15,0,4.65
189,Nova Londrina,BR,2022-02-05 05:06:13,-22.7658,-52.985,72.99,93,97,3.71
190,Komsomolskiy,UZ,2022-02-05 05:06:14,40.4272,71.7189,38.62,55,92,2.3
191,Namatanai,PG,2022-02-05 05:06:14,-3.6667,152.4333,85.01,67,84,9.66
192,Deputatskiy,RU,2022-02-05 05:06:15,69.3,139.9,-27.27,98,71,2.95
193,Igrim,RU,2022-02-05 05:06:15,63.1906,64.4162,-11.27,100,91,2.15
194,Idrinskoye,RU,2022-02-05 05:06:16,54.3708,92.1358,9.18,82,100,3.8
195,Samarai,PG,2022-02-05 05:06:16,-10.6167,150.6667,84.54,76,95,9.6
196,Chernyakhovsk,RU,2022-02-05 05:06:17,54.6335,21.8156,35.94,97,100,15.68
197,Naberera,TZ,2022-02-05 05:06:17,-4.2,36.9333,63.55,87,100,8.63
198,Gurupa,BR,2022-02-05 05:06:18,-1.405,-51.64,72.95,98,99,2.46
199,Sabak,MY,2022-02-05 05:06:18,3.7675,100.9875,88.59,55,73,2.06
200,Vanimo,PG,2022-02-05 05:06:18,-2.6741,141.3028,86.02,66,56,11.18
201,Kalmunai,LK,2022-02-05 05:06:21,7.4167,81.8167,80.67,65,66,4.92
202,Christchurch,NZ,2022-02-05 05:05:50,-43.5333,172.6333,56.91,89,100,1.01
203,Srednekolymsk,RU,2022-02-05 05:06:22,67.45,153.6833,-32.13,100,98,0.74
204,Qaanaaq,GL,2022-02-05 05:05:55,77.484,-69.3632,1.54,71,100,6.29
205,Zachepylivka,UA,2022-02-05 05:06:25,49.1939,35.2394,8.06,98,86,2.75
206,Wasilla,US,2022-02-05 05:06:26,61.5814,-149.4394,25.74,83,100,4.61
207,Pochutla,MX,2022-02-05 05:03:32,15.7432,-96.4661,76.05,71,0,4.05
208,Caravelas,BR,2022-02-05 05:06:26,-17.7125,-39.2481,75.06,91,100,4.97
209,Plattsburgh,US,2022-02-05 05:06:27,44.6995,-73.4529,12.07,79,100,1.99
210,Klyuchi,RU,2022-02-05 05:02:11,52.2667,79.1667,12.85,78,6,11.12
211,Picota,PE,2022-02-05 05:06:27,-6.9197,-76.3304,72.0,92,20,0.72
212,Vetel,RO,2022-02-05 05:06:28,45.9,22.8167,35.6,68,69,0.87
213,Lata,PT,2022-02-05 05:03:19,40.1629,-8.3327,42.06,96,79,2.75
214,Yining,CN,2022-02-05 05:06:29,29.0361,114.5636,51.58,51,3,2.33
215,Tuy Hoa,VN,2022-02-05 05:02:35,13.0833,109.3,75.99,85,60,17.34
216,Kloulklubed,PW,2022-02-05 05:06:30,7.0419,134.2556,86.5,81,40,19.6
217,Den Helder,NL,2022-02-05 05:05:09,52.9599,4.7593,42.78,76,40,21.0
218,Baykit,RU,2022-02-05 05:06:30,61.67,96.37,15.98,93,99,3.83
219,Kavieng,PG,2022-02-05 05:06:31,-2.5744,150.7967,83.95,71,83,8.93
220,Olga,RU,2022-02-05 05:06:31,43.7444,135.2892,14.94,45,12,16.17
221,Staryy Nadym,RU,2022-02-05 05:06:33,65.6118,72.6842,-1.43,99,84,8.97
222,Seguela,CI,2022-02-05 05:06:34,7.9611,-6.6731,68.05,36,5,3.8
223,Antalaha,MG,2022-02-05 05:06:35,-14.9003,50.2788,79.61,71,100,3.24
224,Saint Anthony,US,2022-02-05 05:07:35,45.0205,-93.218,-0.15,74,75,0.0
225,San Joaquin,US,2022-02-05 05:07:36,37.9333,-121.3011,50.13,74,0,5.75
226,Vestmannaeyjar,IS,2022-02-05 05:03:11,63.4427,-20.2734,32.45,84,100,16.35
227,Burhanpur,IN,2022-02-05 05:07:36,21.3,76.2333,73.76,20,11,4.56
228,Tura,IN,2022-02-05 05:03:17,25.5198,90.2201,57.34,88,44,3.38
229,Turkmenabat,TM,2022-02-05 05:07:37,39.0733,63.5786,52.03,23,2,22.79
230,Yankton,US,2022-02-05 05:03:19,42.8711,-97.3973,9.12,52,75,4.61
231,Zapolyarnyy,RU,2022-02-05 05:07:38,69.4154,30.8136,13.28,93,100,15.28
232,Kharan,PK,2022-02-05 05:07:39,28.5833,65.4167,61.74,10,0,1.61
233,Prince Rupert,CA,2022-02-05 05:07:39,54.3161,-130.3201,42.89,87,100,17.27
234,Port Hardy,CA,2022-02-05 05:05:38,50.6996,-127.4199,45.75,93,100,6.91
235,Ciudad Bolivar,VE,2022-02-05 05:07:40,8.1222,-63.5497,77.11,68,55,11.23
236,Gondar,ET,2022-02-05 05:07:40,12.6,37.4667,59.67,56,17,4.12
237,Ketchikan,US,2022-02-05 05:03:18,55.3422,-131.6461,45.07,70,40,9.22
238,Aksarka,RU,2022-02-05 05:07:41,66.5606,67.7975,-1.88,100,89,2.08
239,Tuatapere,NZ,2022-02-05 05:07:41,-46.1333,167.6833,59.83,57,18,9.06
240,Berlevag,NO,2022-02-05 05:07:20,70.8578,29.0864,20.75,80,100,25.14
241,Nikolskoye,RU,2022-02-05 05:06:45,59.7035,30.7861,18.39,88,100,13.51
242,Visby,SE,2022-02-05 05:07:42,57.6409,18.296,35.82,93,100,14.97
243,Celestun,MX,2022-02-05 05:07:43,20.8667,-90.4,73.47,90,38,19.06
244,Longyearbyen,SJ,2022-02-05 05:05:22,78.2186,15.6401,13.84,57,20,27.63
245,Faya,SA,2022-02-05 05:07:43,18.3851,42.4509,55.92,76,25,6.44
246,Rokiskis,LT,2022-02-05 05:07:44,55.9667,25.5833,31.53,96,100,13.76
247,Mana,GF,2022-02-05 05:07:44,5.6592,-53.7767,75.74,90,100,7.92
248,Quatre Cocos,MU,2022-02-05 05:04:07,-20.2078,57.7625,81.09,85,99,19.48
249,Rovaniemi,FI,2022-02-05 05:07:45,66.5,25.7167,20.61,93,100,10.36
250,Hofn,IS,2022-02-05 05:07:45,64.2539,-15.2082,26.33,66,100,14.74
251,Piacabucu,BR,2022-02-05 05:07:46,-10.4056,-36.4344,77.38,77,26,7.9
252,Roald,NO,2022-02-05 05:03:19,62.5833,6.1333,39.0,80,40,33.38
253,Imeni Poliny Osipenko,RU,2022-02-05 05:07:54,52.4201,136.4853,8.82,80,100,9.82
254,Arica,CL,2022-02-05 05:07:55,-18.475,-70.3042,66.43,77,0,4.61
255,Sitka,US,2022-02-05 05:05:43,57.0531,-135.33,42.69,75,100,5.75
256,Bedford,GB,2022-02-05 05:07:56,52.1346,-0.4663,37.9,85,27,11.74
257,Grand Gaube,MU,2022-02-05 05:07:56,-20.0064,57.6608,81.37,81,100,7.0
258,Cidreira,BR,2022-02-05 05:03:28,-30.1811,-50.2056,72.0,93,10,3.83
259,Port Shepstone,ZA,2022-02-05 05:07:57,-30.7414,30.455,70.0,91,100,3.6
260,Konya,TR,2022-02-05 05:07:57,38.1667,32.5,20.68,82,7,3.22
261,Cayenne,GF,2022-02-05 05:07:58,4.9333,-52.3333,79.09,86,75,7.0
262,Poum,NC,2022-02-05 05:07:58,-20.2333,164.0167,81.48,75,97,14.07
263,Sri Aman,MY,2022-02-05 05:07:59,1.2376,111.4621,90.32,52,95,3.27
264,Sisimiut,GL,2022-02-05 05:07:59,66.9395,-53.6735,0.72,84,100,17.47
265,Maldonado,UY,2022-02-05 05:08:00,-34.6667,-54.9167,65.59,96,74,0.89
266,Eyl,SO,2022-02-05 05:05:48,7.9803,49.8164,74.84,63,40,12.97
267,Ilulissat,GL,2022-02-05 05:08:01,69.2167,-51.1,10.42,67,75,8.05
268,Tevaitoa,PF,2022-02-05 05:08:02,-16.7833,-151.5,80.35,76,91,14.5
269,Magway,MM,2022-02-05 05:08:02,20.15,94.9167,88.25,29,0,9.4
270,Bontang,ID,2022-02-05 05:06:20,0.1333,117.5,83.43,69,100,8.7
271,Manono,CD,2022-02-05 05:08:03,-7.3,27.4167,66.16,93,100,1.7
272,Haldensleben,DE,2022-02-05 05:08:04,52.2891,11.4098,43.11,93,92,19.66
273,Polyarnyye Zori,RU,2022-02-05 05:09:04,67.3661,32.4981,13.66,92,100,11.77
274,Digby,CA,2022-02-05 05:09:05,44.6169,-65.7655,25.86,91,100,18.28
275,Deulgaon Raja,IN,2022-02-05 05:07:08,20.0167,76.0333,72.75,20,73,7.43
276,Rawson,AR,2022-02-05 05:07:23,-43.3002,-65.1023,57.54,61,56,15.03
277,Kundiawa,PG,2022-02-05 05:09:05,-6.0167,144.9667,75.33,69,74,2.3
278,Huarmey,PE,2022-02-05 05:04:27,-10.0681,-78.1522,70.32,85,57,7.52
279,Charagua,BO,2022-02-05 05:09:06,-19.8,-63.2167,69.06,97,100,0.74
280,Hambantota,LK,2022-02-05 05:09:06,6.1241,81.1185,82.74,78,66,8.05
281,Matara,LK,2022-02-05 05:09:07,5.9485,80.5353,84.43,61,52,4.5
282,Morgan City,US,2022-02-05 05:09:07,29.6994,-91.2068,35.6,75,100,13.8
283,La Playona,HN,2022-02-05 05:09:08,15.1167,-88.9833,68.74,96,32,0.13
284,Navrongo,GH,2022-02-05 05:09:09,10.8956,-1.0921,68.45,17,9,8.86
285,Grindavik,IS,2022-02-05 05:06:00,63.8424,-22.4338,27.07,63,100,31.07
286,Padang,ID,2022-02-05 05:09:09,-0.9492,100.3543,82.45,80,91,2.08
287,Camacha,PT,2022-02-05 05:09:00,33.0833,-16.3333,60.22,94,20,3.44
288,Lebedinyy,RU,2022-02-05 05:09:10,58.5167,125.5167,-2.33,91,100,5.03
289,Jiuquan,CN,2022-02-05 05:09:10,39.7432,98.5174,19.74,31,100,6.35
290,Tiksi,RU,2022-02-05 05:06:52,71.6872,128.8694,-22.16,98,73,7.45
291,Pilar,BR,2022-02-05 05:07:14,-9.5972,-35.9567,73.33,85,22,3.94
292,Upernavik,GL,2022-02-05 05:06:21,72.7868,-56.1549,-1.71,95,100,11.5
293,Salalah,OM,2022-02-05 05:08:33,17.0151,54.0924,75.29,60,20,4.61
294,Mount Isa,AU,2022-02-05 05:09:12,-20.7333,139.5,91.17,17,5,10.36
295,Ornskoldsvik,SE,2022-02-05 05:09:12,63.2909,18.7153,25.75,100,89,4.61
296,Sicamous,CA,2022-02-05 05:09:13,50.8331,-118.9856,32.29,98,100,2.55
297,Navahrudak,BY,2022-02-05 05:09:13,53.6,25.8333,31.55,98,100,12.39
298,Ostersund,SE,2022-02-05 05:09:14,63.1792,14.6357,25.25,74,61,10.36
299,Banda Aceh,ID,2022-02-05 05:09:14,5.5577,95.3222,86.14,62,58,8.88
300,Sept-Iles,CA,2022-02-05 05:09:15,50.2001,-66.3821,-0.94,65,100,4.0
301,Korhogo,CI,2022-02-05 05:09:15,9.45,-5.6333,65.98,17,6,2.84
302,Airai,TL,2022-02-05 05:09:16,-8.9266,125.4092,68.45,82,95,3.36
303,Kysyl-Syr,RU,2022-02-05 05:09:16,63.8986,122.7617,-15.12,95,93,2.59
304,Richards Bay,ZA,2022-02-05 05:06:56,-28.783,32.0377,71.42,90,100,14.47
305,Surt,LY,2022-02-05 05:09:17,31.2089,16.5887,54.01,53,6,12.68
306,Half Moon Bay,US,2022-02-05 05:07:02,37.4636,-122.4286,56.32,63,0,5.75
307,Fukue,JP,2022-02-05 05:09:22,32.6881,128.8419,40.51,74,100,27.92
308,Batagay-Alyta,RU,2022-02-05 05:09:22,67.8006,130.4114,-20.27,96,39,0.6
309,Egvekinot,RU,2022-02-05 05:09:23,66.3167,-179.1667,-7.31,79,0,13.53
310,Yar-Sale,RU,2022-02-05 05:09:23,66.8333,70.8333,-0.83,100,90,5.84
311,Barpathar,IN,2022-02-05 05:09:24,26.3,93.8667,62.71,78,90,8.08
312,Port Hedland,AU,2022-02-05 05:09:24,-20.3167,118.5667,95.05,59,58,20.71
313,Freeport,US,2022-02-05 05:09:25,40.6576,-73.5832,30.22,80,100,3.0
314,Carbonia,IT,2022-02-05 05:09:27,39.1672,8.5222,49.01,92,100,8.1
315,Loa Janan,ID,2022-02-05 05:09:27,-0.583,117.095,92.08,48,99,3.02
316,Calderitas,MX,2022-02-05 05:09:28,18.55,-88.25,75.16,88,1,4.36
317,Tianpeng,CN,2022-02-05 05:04:38,30.9866,103.9393,45.5,73,99,3.36
318,Chivilcoy,AR,2022-02-05 05:07:36,-34.8957,-60.0167,67.01,10,64,11.01
319,Noumea,NC,2022-02-05 05:10:29,-22.2763,166.4572,85.98,76,100,8.25
320,Nishihara,JP,2022-02-05 05:10:29,26.1842,127.7558,62.65,51,40,17.27
321,Bandarbeyla,SO,2022-02-05 05:08:54,9.4942,50.8122,75.47,66,0,6.53
322,Vaasa,FI,2022-02-05 05:10:30,63.096,21.6158,33.82,93,100,10.36
323,Papara,BR,2022-02-05 05:10:30,-3.9839,-38.7273,79.68,94,79,2.44
324,Lavrentiya,RU,2022-02-05 05:05:56,65.5833,-171.0,-10.43,84,2,8.72
325,Cockburn Town,TC,2022-02-05 05:08:04,21.4612,-71.1419,75.83,74,0,17.2
326,Camabatela,AO,2022-02-05 05:10:31,-8.1881,15.375,58.59,99,63,0.67
327,Katherine,AU,2022-02-05 05:10:32,-14.4667,132.2667,80.92,78,81,6.91
328,Plunge,LT,2022-02-05 05:10:32,55.9114,21.8442,37.99,99,100,12.95
329,Labuhan,ID,2022-02-05 05:10:33,-6.8844,112.2051,84.9,72,41,11.41
330,Grong,NO,2022-02-05 05:10:33,64.4654,12.3149,31.53,91,99,16.98
331,Adrar,MR,2022-02-05 05:10:34,20.5022,-10.0711,60.76,13,0,9.22
332,Bluefields,NI,2022-02-05 05:10:34,12.0137,-83.7635,74.43,89,21,6.35
333,Biri,PH,2022-02-05 05:10:35,12.6833,124.3636,79.83,79,100,22.95
334,North Myrtle Beach,US,2022-02-05 05:05:50,33.816,-78.68,62.89,97,100,10.36
335,Talnakh,RU,2022-02-05 05:10:36,69.4865,88.3972,-7.42,96,93,3.98
336,Vieques,PR,2022-02-05 05:10:36,18.425,-65.8329,75.24,88,40,0.0
337,Camalu,MX,2022-02-05 05:10:37,30.85,-116.0667,57.42,40,19,3.71
338,At-Bashi,KG,2022-02-05 05:10:37,41.1702,75.8106,7.54,71,15,2.24
339,Champerico,GT,2022-02-05 05:09:12,14.3,-91.9167,80.35,72,4,0.47
340,Menongue,AO,2022-02-05 05:10:38,-14.6585,17.691,61.47,97,100,3.71
341,Santa Cruz,BO,2022-02-05 05:06:52,-17.8,-63.1667,74.66,94,40,11.5
342,El Alto,PE,2022-02-05 05:10:39,-4.2714,-81.2147,70.29,78,57,14.45
343,Maniitsoq,GL,2022-02-05 05:09:25,65.4167,-52.9,6.93,87,100,15.84
344,Zaozerne,UA,2022-02-05 05:10:39,45.1582,33.2787,32.95,78,100,6.91
345,Millinocket,US,2022-02-05 05:06:22,45.6573,-68.7098,12.9,72,100,9.22
346,Yumen,CN,2022-02-05 05:05:52,40.2833,97.2,20.26,29,100,17.96
347,Dabakala,CI,2022-02-05 05:10:40,8.3667,-4.4333,69.85,17,1,2.17
348,Manta,EC,2022-02-05 05:10:41,-0.95,-80.7333,76.78,88,20,3.44
349,Butaritari,KI,2022-02-05 05:06:57,3.0707,172.7902,82.78,78,49,18.68
350,Salinopolis,BR,2022-02-05 05:10:41,-0.6136,-47.3561,77.07,88,100,5.14
351,Vardo,NO,2022-02-05 05:10:42,70.3705,31.1107,21.49,90,100,25.81
352,Acajutla,SV,2022-02-05 05:10:42,13.5928,-89.8275,78.01,72,37,9.06
353,Hungund,IN,2022-02-05 05:06:15,16.0667,76.05,79.65,24,23,8.68
354,Weinan,CN,2022-02-05 05:10:43,34.5036,109.5089,39.94,26,100,8.72
355,Kaitangata,NZ,2022-02-05 05:08:22,-46.2817,169.8464,55.98,58,16,7.4
356,Muros,ES,2022-02-05 05:10:44,42.7762,-9.0603,51.24,74,57,14.79
357,Sibolga,ID,2022-02-05 05:08:12,1.7427,98.7792,84.04,67,100,3.78
358,Hue,VN,2022-02-05 05:10:45,16.4667,107.6,64.51,94,75,9.22
359,Ginir,ET,2022-02-05 05:10:45,7.1333,40.7,63.77,20,5,3.18
360,Ambilobe,MG,2022-02-05 05:10:46,-13.2,49.05,78.8,88,95,13.62
361,Garni,AM,2022-02-05 05:10:46,40.1221,44.7312,25.47,94,100,1.9
362,Roebourne,AU,2022-02-05 05:10:46,-20.7833,117.1333,92.35,56,77,17.83
363,Port Macquarie,AU,2022-02-05 05:08:37,-31.4333,152.9167,73.89,73,75,17.27
364,Midland,US,2022-02-05 05:09:26,31.9974,-102.0779,29.48,67,0,4.61
365,Vila Franca Do Campo,PT,2022-02-05 05:11:47,37.7167,-25.4333,57.61,82,100,8.57
366,Souillac,MU,2022-02-05 05:11:22,-20.5167,57.5167,80.37,83,100,19.84
367,Lermontovka,RU,2022-02-05 05:11:48,47.1453,134.3383,2.5,84,100,4.03
368,Kamaishi,JP,2022-02-05 05:11:48,39.2667,141.8833,33.12,45,29,16.04
369,Fuling,CN,2022-02-05 05:11:49,29.7022,107.3919,51.96,57,100,2.62
370,Abha,SA,2022-02-05 05:07:19,18.2164,42.5053,55.65,54,0,4.61
371,Kasama,ZM,2022-02-05 05:11:49,-10.2129,31.1808,60.42,93,100,3.04
372,Kita,ML,2022-02-05 05:11:50,13.0349,-9.4895,67.3,15,0,4.03
373,Maceio,BR,2022-02-05 05:11:51,-9.6658,-35.7353,74.64,88,40,2.3
374,Husavik,IS,2022-02-05 05:11:51,66.0449,-17.3389,15.64,94,98,7.85
375,Kanepi,EE,2022-02-05 05:11:52,57.982,26.7627,25.72,95,100,12.53
376,Luena,AO,2022-02-05 05:11:54,-11.7833,19.9167,62.13,95,100,7.27
377,Santa Maria,BR,2022-02-05 05:08:56,-29.6842,-53.8069,72.72,89,76,2.59
378,Kribi,CM,2022-02-05 05:11:54,2.95,9.9167,76.91,88,91,3.91
379,Ler,SS,2022-02-05 05:11:55,8.3018,30.1418,72.45,19,81,8.23
380,Bara,NG,2022-02-05 05:11:55,10.3744,10.7288,59.65,24,0,7.56
381,Elizabeth City,US,2022-02-05 05:11:05,36.2946,-76.2511,43.02,93,100,12.66
382,Narsaq,GL,2022-02-05 05:06:57,60.9167,-46.05,0.0,49,0,16.26
383,Lososina,RU,2022-02-05 05:11:56,48.9975,140.3106,15.73,66,100,10.65
384,Sao Filipe,CV,2022-02-05 05:07:37,14.8961,-24.4956,72.57,72,0,12.28
385,Harwich,GB,2022-02-05 05:11:57,51.9419,1.2844,37.99,83,3,11.01
386,Harper,LR,2022-02-05 05:11:57,4.375,-7.7169,77.79,84,79,4.45
387,Sheridan,US,2022-02-05 05:11:58,44.8333,-106.9173,42.98,55,100,0.0
388,Shinpokh,PK,2022-02-05 05:11:58,34.3292,71.1782,51.21,21,0,1.81
389,Calama,CL,2022-02-05 05:11:59,-22.4667,-68.9333,45.09,19,0,18.41
390,Cedar City,US,2022-02-05 05:08:22,37.6775,-113.0619,23.4,58,0,4.61
391,Beaverlodge,CA,2022-02-05 05:11:59,55.2166,-119.4361,32.41,77,83,10.76
392,Koshurnikovo,RU,2022-02-05 05:12:00,54.1667,93.3,10.67,79,100,2.1
393,Katsuura,JP,2022-02-05 05:12:01,35.1333,140.3,46.51,36,98,6.46
394,Tabou,CI,2022-02-05 05:12:01,4.423,-7.3528,78.21,84,42,4.16
395,Kidal,ML,2022-02-05 05:07:59,18.4411,1.4078,55.13,22,0,11.92
396,Quarai,BR,2022-02-05 05:12:02,-30.3875,-56.4514,77.4,65,98,3.38
397,Pimentel,PE,2022-02-05 05:08:03,-6.8367,-79.9342,69.78,85,61,10.83
398,Paramonga,PE,2022-02-05 05:12:03,-10.6667,-77.8333,69.89,86,93,7.07
399,Ballina,AU,2022-02-05 05:10:37,-28.8667,153.5667,71.78,74,80,22.48
400,Barillas,GT,2022-02-05 05:12:03,15.8036,-91.3158,57.54,98,33,2.04
401,Mookane,BW,2022-02-05 05:12:04,-23.688,26.6595,70.12,75,79,5.84
402,Lorengau,PG,2022-02-05 05:12:06,-2.0226,147.2712,84.85,65,98,9.95
403,Nieuwpoort,BE,2022-02-05 05:12:06,51.1244,2.7735,41.02,87,20,8.05
404,Tabas,IR,2022-02-05 05:12:07,33.5959,56.9244,59.05,35,74,7.47
405,Gopinathpur,IN,2022-02-05 05:12:07,22.65,86.0667,69.46,26,0,11.45
406,Buala,SB,2022-02-05 05:09:42,-8.145,159.5921,84.16,77,100,9.26
407,Gat,IL,2022-02-05 05:12:08,31.61,34.7642,52.48,100,89,10.16
408,Palmer,US,2022-02-05 05:12:09,42.1584,-72.3287,27.95,83,100,1.01
409,Ginda,IN,2022-02-05 05:12:09,30.6945,78.4932,38.37,31,0,4.68
410,Ewa Beach,US,2022-02-05 05:13:10,21.3156,-158.0072,76.95,71,40,5.01
411,Mirai,BR,2022-02-05 05:13:10,-21.1953,-42.6142,75.31,95,100,3.31
412,Gushi,CN,2022-02-05 05:13:11,34.6425,109.5843,40.46,25,100,9.78
413,Najran,SA,2022-02-05 05:13:11,17.4924,44.1277,67.91,58,2,5.73
414,Dubbo,AU,2022-02-05 05:10:27,-32.25,148.6167,77.13,31,40,20.71
415,Hasaki,JP,2022-02-05 05:11:08,35.7333,140.8333,50.29,29,21,11.07
416,Baruun-Urt,MN,2022-02-05 05:13:12,46.6806,113.2792,11.73,67,33,10.04
417,General Roca,AR,2022-02-05 05:13:13,-39.0333,-67.5833,62.4,61,59,16.53
418,Wewak,PG,2022-02-05 05:09:44,-3.5534,143.6268,84.76,73,99,17.07
419,Aklavik,CA,2022-02-05 05:13:04,68.2191,-135.0107,-25.11,88,6,19.24
420,Ulagan,RU,2022-02-05 05:13:14,50.6321,87.9563,6.35,73,30,2.3
421,Coihaique,CL,2022-02-05 05:13:14,-45.5752,-72.0662,54.21,87,0,3.44
422,Lapeer,US,2022-02-05 05:13:15,43.0514,-83.3188,13.51,92,75,0.0
423,Chimoio,MZ,2022-02-05 05:13:15,-19.1164,33.4833,68.11,96,85,5.77
424,Dukat,RU,2022-02-05 05:13:16,62.55,155.55,-13.85,73,3,7.34
425,Conde,BR,2022-02-05 05:08:30,-7.2597,-34.9075,76.46,83,20,3.44
426,Owase,JP,2022-02-05 05:13:16,34.0667,136.2,41.72,47,23,17.98
427,Severnyy,RU,2022-02-05 05:13:17,50.677,36.5532,19.44,93,100,13.42
428,Basoko,CD,2022-02-05 05:13:17,1.2391,23.616,73.04,67,100,3.06
429,La Ronge,CA,2022-02-05 05:11:09,55.1001,-105.2842,-3.89,98,100,9.06
430,Praia,CV,2022-02-05 05:13:18,14.9215,-23.5087,70.34,73,0,17.27
431,Morondava,MG,2022-02-05 05:13:18,-20.2833,44.2833,82.35,62,91,5.19
432,Tual,ID,2022-02-05 05:13:19,-5.6667,132.75,83.8,77,100,16.6
433,Khanu Woralaksaburi,TH,2022-02-05 05:13:19,16.0617,99.8606,86.94,37,60,10.45
434,Sirjan,IR,2022-02-05 05:13:20,29.452,55.6814,55.47,43,20,15.43
435,Kokopo,PG,2022-02-05 05:13:20,-4.352,152.2633,85.91,59,41,12.82
436,Pisco,PE,2022-02-05 05:13:21,-13.7,-76.2167,67.01,88,0,0.0
437,Alyangula,AU,2022-02-05 05:13:21,-13.8483,136.4192,75.33,91,100,3.94
438,Sao Joao Da Barra,BR,2022-02-05 05:13:22,-21.6403,-41.0511,75.13,87,98,15.75
439,Broome,US,2022-02-05 05:13:22,42.2506,-75.833,16.38,85,100,9.22
440,Simao,CN,2022-02-05 05:13:17,22.7886,100.9748,68.43,53,0,7.87
441,Kutum,SD,2022-02-05 05:13:23,14.2,24.6667,49.06,30,0,11.63
442,Jiwani,PK,2022-02-05 05:13:23,25.05,61.7417,72.09,54,0,11.18
443,Nuuk,GL,2022-02-05 05:13:24,64.1835,-51.7216,7.88,78,75,11.5
444,Biak,ID,2022-02-05 05:13:24,-0.9131,122.8766,84.31,68,98,3.33
445,Yingcheng,CN,2022-02-05 05:13:25,30.95,113.55,49.19,44,15,9.37
446,Maxixe,MZ,2022-02-05 05:13:25,-23.8597,35.3472,78.12,79,54,11.25
447,Bar Harbor,US,2022-02-05 05:13:25,44.3876,-68.2039,17.91,84,100,1.99
448,Tucupita,VE,2022-02-05 05:13:26,9.0622,-62.051,69.33,96,6,3.22
449,Makakilo City,US,2022-02-05 05:11:00,21.3469,-158.0858,75.52,71,40,3.44
450,Sioux Lookout,CA,2022-02-05 05:13:26,50.1001,-91.917,-19.64,100,73,2.84
451,Bitung,ID,2022-02-05 05:13:27,1.4451,125.1824,86.85,73,90,11.1
452,Murgab,TM,2022-02-05 05:13:27,37.4966,61.9714,63.3,18,1,25.5
453,Hami,CN,2022-02-05 05:13:28,42.8,93.45,29.73,25,100,3.24
454,Uvinza,TZ,2022-02-05 05:13:40,-5.1036,30.3911,65.57,96,100,1.3
455,Suket,IN,2022-02-05 05:13:41,24.65,76.0333,65.16,25,0,3.87
456,Valley City,US,2022-02-05 05:13:42,46.9233,-98.0032,-1.21,71,100,11.5
457,Coari,BR,2022-02-05 05:13:42,-4.085,-63.1414,70.97,99,100,2.64
458,Kletskaya,RU,2022-02-05 05:13:42,49.3145,43.0584,22.91,88,100,11.43
459,Batemans Bay,AU,2022-02-05 05:13:43,-35.7167,150.1833,72.19,60,57,13.27
460,Drovyanaya,RU,2022-02-05 05:14:43,51.5833,113.0333,15.31,73,94,7.16
461,Honiara,SB,2022-02-05 05:11:02,-9.4333,159.95,85.5,70,100,7.2
462,Kentau,KZ,2022-02-05 05:14:45,43.5206,68.5094,39.58,49,99,12.62
463,Council Bluffs,US,2022-02-05 05:14:45,41.2619,-95.8608,16.3,49,0,5.75
464,Torzhok,RU,2022-02-05 05:14:46,57.0436,34.9622,7.75,99,100,4.43
465,Ajuchitlan,MX,2022-02-05 05:14:46,20.7167,-100.0167,43.99,85,41,8.32
466,Ilo,PE,2022-02-05 05:14:47,-17.6394,-71.3375,69.39,82,74,6.44
467,Verkh-Usugli,RU,2022-02-05 05:14:47,52.7,115.1667,12.13,60,16,2.71
468,Inyonga,TZ,2022-02-05 05:14:48,-6.7167,32.0667,63.01,96,100,2.44
469,Chokurdakh,RU,2022-02-05 05:11:38,70.6333,147.9167,-31.58,100,22,1.45
470,Sanmenxia,CN,2022-02-05 05:14:48,34.7747,111.1814,39.25,39,99,4.74
471,Victoria,HK,2022-02-05 05:12:39,22.2855,114.1577,65.17,70,66,8.99
472,San Diego De Los Banos,CU,2022-02-05 05:14:49,22.6467,-83.3697,68.9,90,1,1.36
473,Saldanha,ZA,2022-02-05 05:14:10,-33.0117,17.9442,61.77,71,1,8.19
474,Bislig,PH,2022-02-05 05:14:50,8.2167,126.2833,80.98,83,90,6.46
475,Emilio Carranza,MX,2022-02-05 05:14:51,19.9711,-96.6114,52.29,81,100,19.17
476,Pevek,RU,2022-02-05 05:12:07,69.7008,170.3133,-26.39,99,92,6.4
477,Barkhan,PK,2022-02-05 05:14:51,29.8977,69.5256,53.56,25,0,2.8
478,Zhigansk,RU,2022-02-05 05:14:52,66.7697,123.3711,-24.57,97,100,4.43
479,Ulladulla,AU,2022-02-05 05:14:52,-35.35,150.4667,73.09,69,46,14.14
480,Nhulunbuy,AU,2022-02-05 05:14:53,-12.2333,136.7667,88.41,62,40,8.05
481,Along,IN,2022-02-05 05:14:53,28.1667,94.7667,50.22,98,100,0.94
482,Hanyang,CN,2022-02-05 05:14:54,32.1371,105.5126,41.67,76,100,4.88
483,Hemsedal,NO,2022-02-05 05:14:54,60.8629,8.5534,28.15,77,63,20.8
484,Normandin,CA,2022-02-05 05:14:55,48.8333,-72.5321,-5.49,70,100,8.05
485,Ostrovnoy,RU,2022-02-05 05:14:55,68.0531,39.5131,15.28,83,100,27.0
486,Sakaiminato,JP,2022-02-05 05:14:56,35.55,133.2333,37.38,65,75,17.27
487,Kungurtug,RU,2022-02-05 05:11:02,50.5994,97.5228,2.5,86,33,1.43
488,Naron,ES,2022-02-05 05:12:31,43.5167,-8.1528,50.68,76,92,9.37
489,Kulhudhuffushi,MV,2022-02-05 05:10:05,6.6221,73.07,81.19,65,54,9.69
490,Solikamsk,RU,2022-02-05 05:15:15,59.6196,56.7729,21.47,96,100,6.33
491,Sambava,MG,2022-02-05 05:15:15,-14.2667,50.1667,77.5,77,100,4.23
492,Nizhnevartovsk,RU,2022-02-05 05:15:16,60.9344,76.5531,19.42,86,75,4.47
493,Chippewa Falls,US,2022-02-05 05:15:16,44.9369,-91.3929,3.38,66,0,6.91
494,Norrtalje,SE,2022-02-05 05:15:17,59.758,18.705,34.23,88,100,9.22
495,Kochubey,RU,2022-02-05 05:15:17,44.3861,46.5825,35.04,93,100,16.24
496,Kualakapuas,ID,2022-02-05 05:15:18,-3.0091,114.3876,89.76,56,91,3.47
497,Iquitos,PE,2022-02-05 05:14:16,-3.7481,-73.2472,73.44,100,0,2.3
498,Bhag,PK,2022-02-05 05:15:18,29.0415,67.8239,63.77,27,0,8.52
499,Norman Wells,CA,2022-02-05 05:12:32,65.282,-126.8329,-11.97,92,100,3.94
500,Aksum,ET,2022-02-05 05:15:21,14.1245,38.7244,59.27,61,10,2.19
501,Kirakira,SB,2022-02-05 05:15:21,-10.4544,161.9205,84.79,75,98,8.68
502,Coahuayana,MX,2022-02-05 05:15:22,18.7333,-103.6833,66.67,79,2,4.18
503,Goundam,ML,2022-02-05 05:15:22,16.4145,-3.6708,59.88,16,0,9.35
504,Perth,AU,2022-02-05 05:14:30,-31.9333,115.8333,109.02,11,0,8.05
505,Mahajanga,MG,2022-02-05 05:16:23,-15.7167,46.3167,84.22,79,40,10.36
506,Tumalaytay,PH,2022-02-05 05:16:24,12.2758,123.232,82.36,69,96,17.09
507,Flinders,AU,2022-02-05 05:16:25,-34.5833,150.8552,74.17,66,58,11.01
508,Sesheke,ZM,2022-02-05 05:16:25,-17.4759,24.2968,66.09,93,100,3.4
509,Evensk,RU,2022-02-05 05:16:26,61.95,159.2333,15.53,46,4,15.43
510,Arak,IR,2022-02-05 05:16:26,34.0917,49.6892,32.76,86,20,4.61
511,Presidencia Roque Saenz Pena,AR,2022-02-05 05:16:27,-26.7852,-60.4388,71.35,97,100,4.47
512,Pangody,RU,2022-02-05 05:16:27,65.85,74.4859,1.35,99,97,7.14
513,Mecca,SA,2022-02-05 05:16:27,21.4267,39.8261,59.0,47,3,11.43
514,Dunedin,NZ,2022-02-05 05:12:37,-45.8742,170.5036,57.79,56,72,1.99
515,Tonj,SS,2022-02-05 05:16:28,7.2737,28.6822,71.91,21,46,5.55
516,Zasosna,RU,2022-02-05 05:16:29,50.6307,38.3965,3.43,97,56,6.82
517,Rodbyhavn,DK,2022-02-05 05:16:29,54.6544,11.352,37.11,74,80,24.7
518,Galesong,ID,2022-02-05 05:14:21,-5.3166,119.3661,87.82,70,99,10.11
519,Kawalu,ID,2022-02-05 05:16:30,-7.3817,108.2082,81.7,75,97,1.45
520,Port-Cartier,CA,2022-02-05 05:16:30,50.0334,-66.8654,-1.25,87,100,7.67
521,Azamgarh,IN,2022-02-05 05:16:31,26.06,83.1861,62.15,65,0,8.16
522,Clarksburg,US,2022-02-05 05:12:05,39.2807,-80.3445,24.22,90,100,8.05
523,Semenivka,UA,2022-02-05 05:16:31,52.1783,32.5818,0.46,100,100,4.5
524,Hampton,US,2022-02-05 05:16:32,37.0299,-76.3452,39.97,90,100,3.0
525,George,ZA,2022-02-05 05:16:32,-33.963,22.4617,62.15,82,20,10.36
526,Valmiera,LV,2022-02-05 05:16:33,57.5411,25.4275,31.41,91,100,12.57
527,Alenquer,BR,2022-02-05 05:16:33,-1.9417,-54.7383,73.74,96,99,1.83
528,Novobirilyussy,RU,2022-02-05 05:16:34,56.9514,90.6661,22.03,79,100,12.46
529,Pestravka,RU,2022-02-05 05:16:35,52.405,49.9583,29.86,98,100,4.12
530,Bathsheba,BB,2022-02-05 05:11:54,13.2167,-59.5167,74.01,68,20,8.05
531,Beringovskiy,RU,2022-02-05 05:16:35,63.05,179.3167,-10.91,89,44,11.5
532,Leningradskiy,RU,2022-02-05 05:16:36,69.3833,178.4167,-19.59,94,43,7.07
533,Bud,US,2022-02-05 05:16:36,39.447,-86.1758,19.9,88,90,8.99
534,Manggar,ID,2022-02-05 05:16:37,-2.8833,108.2667,81.88,75,100,7.05
535,Juba,SS,2022-02-05 05:16:38,4.8517,31.5825,76.89,25,100,2.75
536,Lagoa,PT,2022-02-05 05:12:07,39.05,-27.9833,57.56,82,84,21.54
537,Fatehgarh Churian,IN,2022-02-05 05:16:40,31.8621,74.9553,47.93,75,0,3.58
538,Aswan,EG,2022-02-05 05:16:40,24.0934,32.907,48.76,58,0,8.99
539,Isiro,CD,2022-02-05 05:16:41,2.7739,27.616,66.54,73,94,1.72
540,Burnie,AU,2022-02-05 05:16:41,-41.0667,145.9167,70.95,62,93,7.47
541,Ust-Nera,RU,2022-02-05 05:16:42,64.5667,143.2,-15.21,83,45,2.15
542,The Valley,AI,2022-02-05 05:16:43,18.217,-63.0578,75.09,75,100,15.84
543,Vung Tau,VN,2022-02-05 05:16:43,10.346,107.0843,82.71,65,80,14.38
544,Mugur-Aksy,RU,2022-02-05 05:16:44,50.35,90.5,6.94,62,1,4.36
545,Trairi,BR,2022-02-05 05:15:05,-3.2778,-39.2689,76.14,89,87,6.71
546,Privolzhsk,RU,2022-02-05 05:16:45,57.3808,41.2886,-1.93,99,57,6.46
547,Ust-Tsilma,RU,2022-02-05 05:16:46,65.441,52.1498,-16.82,100,82,2.26
548,Baoqing,CN,2022-02-05 05:16:46,46.3317,132.2111,6.67,71,55,12.37
549,Namibe,AO,2022-02-05 05:16:47,-15.1961,12.1522,71.19,66,33,5.84
550,Do Gonbadan,IR,2022-02-05 05:16:48,30.3586,50.7981,53.69,87,75,0.0
551,Byron Bay,AU,2022-02-05 05:17:48,-28.65,153.6167,76.05,66,81,22.41
552,Peleduy,RU,2022-02-05 05:17:49,59.6289,112.7406,11.73,89,100,8.68
553,Pokosnoye,RU,2022-02-05 05:17:49,55.5258,101.0536,16.32,79,100,6.87
554,Luwuk,ID,2022-02-05 05:17:50,-0.9516,122.7875,85.96,71,99,2.59
555,Tiznit,MA,2022-02-05 05:17:52,29.5833,-9.5,62.11,31,100,3.85
556,Gigmoto,PH,2022-02-05 05:15:33,13.7796,124.39,78.46,83,100,17.29
557,Orange,US,2022-02-05 05:15:05,33.7,-117.7675,62.85,25,0,1.99
